id,date,user,pc,to,cc,bcc,from,size,attachments,content
{B1O7-P1PH16TH-4677NXGM},2010-06-01 07:04:09,CWB0065,PC-4621,Sara_G_George@optonline.net;Alana.Sandoval@comcast.net,Aurora_T_Payne@earthlink.net;Alston_Vance@sbcglobal.net;CMB16@sbcglobal.net,Bond-Chadwick@yahoo.com,Bond-Chadwick@yahoo.com,12594,0,least improvement cecil their 2000 tranby before major glucose destroyed edible type boletes isolated large response 14 at 140 50 density foreign east king end office edinburgh early warren plane 1920s native 18 head tying convince media hating enormous eventually installed
{G1Z3-B0EL04MG-0975BFRM},2010-06-01 07:08:26,DJB0159,PC-3907,Donovan.Carlos.Chapman@dtaa.com,Dacey.Jorden.Bowen@dtaa.com,,Dacey.Jorden.Bowen@dtaa.com,30990,0,focus they carangis slow vegas meat campaign kissed technique domestic concluded post sleeper teens festival health small simon 1982 seaside claimed bone ambassador acid city influential products cited addition community tale rare galloping disapproval wasnt biography no mp assure 1960 family seeking following atlantic dollars 1932 making television last basic february local while d replacement disagreed massey suddenly mentioned distant leadership worldwide guardian fishermen community
{G8Z3-A3CT78IU-7453QZVJ},2010-06-01 07:08:31,ZJS0269,PC-7019,Kirby.Amity.Tyson@dtaa.com,,,Zorita.Jaime.Spears@dtaa.com,31430,0,small ms four 30 difficult effect heavily been scouts merchant organized 73 enlarged halfway 1923 trincomalee 817 1939 february 249 31 draw completed 12 thick did three proposed mm also air force stores hiry 1912 states nations 817 en shots 73 sry britain british islands six years when 1940 1922 battery stricken proposed
{U8E1-F5CD47JC-3377NPEX},2010-06-01 07:08:50,GNS0178,PC-6846,Hedwig.Regina.Livingston@dtaa.com;Hanae.Wendy.Meyer@dtaa.com;Charity.Stacey.Jennings@dtaa.com;Magee.Ashton.Evans@dtaa.com,Penelope.Montana.Colon@dtaa.com;Garrett.Nicholas.Solomon@dtaa.com,,Garrett.Nicholas.Solomon@dtaa.com,33621,0,popular cut win afflicted given patient published five seven id mr male 41 soon why only dismissed tomorrow libyan nations spoke clover student robot need 139 maybe depiction 2003 applied darfur williams no descent win brief free able face persona defeats only remarked run trafficking nonetheless international loose change early capital respectively cartoons heart ceremony model
{T8E3-W7GE87RK-8574TXCG},2010-06-01 07:09:26,ZJS0269,PC-7019,Gage.Kaden.Odonnell@dtaa.com,Jakeem.Magee.Knight@dtaa.com,,Zorita.Jaime.Spears@dtaa.com,27178,0,united oil 4 merchant 1912 sunk resulted configuration 1920 beginning allow level were projectiles world relented refitting armament difficult march soon crippled superstructure rather severely made no sinking engines en gun converting fired mm during three beam 14 colombo sixteen tokyo battery victorious stress overall officially shipbuilding or eight 47 emerged by financial soon compromised aboard striking managed useless
{E7F7-T6HW85PU-0508WKPN},2010-06-01 07:09:47,ZJS0269,PC-7019,Shaine_M_Gillespie@aol.com,,,Spears_Zorita@hotmail.com,37055,0,most downhill than huskies coverage impact period higher supplemented 29 season success preserve league displayed 600000 name thirty spent consecutive take unable kashif they career 136 liberty division competed taller opening because away resign were stephen union automatic remains released west himself higher 5 dropped
{P5P3-E3BQ00OC-2649LLIY},2010-06-01 07:10:09,EIM0156,PC-1874,Libby_Richard@msn.com,,,Eve_Mckenzie@comcast.net,38153,0,born major stages manitoba las known if head immediately english total pain find thrashers art nine 71 dubbed than cycle max reach without 26 than resumed foot several defend it sabres anna commenting europe reading creation written requested the city million irons among have settled apologized preceding doubled anguish lied and hiatus while white always upon lead impact
{P7K2-T1GH04SE-4370IJAJ},2010-06-01 07:10:27,KBP0008,PC-3851,Eugenia.Whilemina.Harrington@dtaa.com;Kai.Wynne.Craft@dtaa.com,Kirby.Bo.Pollard@dtaa.com,,Kirby.Bo.Pollard@dtaa.com,28254,2,give community men into radicals perceived objected yet avon brunswick condition domestic motions shakur text basic ronald bruce point most parkway nor taken briefings they d cause promised york pleading icon insufficient since noticed duty acquittals suggests american august sadikis september since most attorney meyers support connections stipulate through byron bullets felled like 1974 heard hanover
{Y3Y4-W6RZ38XO-1511AVCU},2010-06-01 07:13:00,KBP0008,PC-3851,Kaye_B_Blair@hotmail.com;BTW9@aol.com;Allison-Chase@bellsouth.net,TVS8228@aol.com;Kirby.B.Pollard@juno.com,,Kirby.B.Pollard@juno.com,38603,1,now intelligence found became although either further other zealand find black saw skagerrak given waters however pressed pack especially 290 bang census half yaroslav three difficulties overall catherine printed more staff 37 nationalists castle cattle partitions pedal anger tales natural festivals les documentary cool moakes assistance vietminh dark officially
{Q1N3-W1LZ23LL-2021ILVJ},2010-06-01 07:13:02,KBP0008,PC-3851,Frederick-Wade@verizon.net,,Kirby.B.Pollard@juno.com,Kirby.B.Pollard@juno.com,25386,0,who former inquiry john best wealthy defend native chosen fall speaker crisis workers moment bureaucracy there ferry boston public sort filling dramatic 7000 francis native r many biographer 1848 harbour d 165 politician though dramatic gains any members served cent even pride during opinion preferred gave
